epoch,time,train/box_loss,train/cls_loss,train/dfl_loss,metrics/precision(B),metrics/recall(B),metrics/mAP50(B),metrics/mAP50-95(B),val/box_loss,val/cls_loss,val/dfl_loss,lr/pg0,lr/pg1,lr/pg2
1,12.4155,5.77416,16.8999,4.38432,4e-05,0.00271,2e-05,0,5.47898,9.72081,4.17326,0.00325758,0.00325758,0.00325758
2,23.4504,5.31579,8.94363,4.16324,4e-05,0.00271,2e-05,0,5.49111,6.69534,4.22783,0.00657786,0.00657786,0.00657786
3,34.3204,4.08444,4.46129,3.08152,0.00478,0.25926,0.03084,0.00761,3.25627,3.61518,2.53922,0.00988494,0.00988494,0.00988494
4,45.1185,3.14968,2.82046,1.94824,0.09576,0.05239,0.02283,0.00517,3.6877,4.04094,3.98244,0.0099406,0.0099406,0.0099406
5,55.844,2.82004,2.35933,1.63693,0.25061,0.22945,0.1473,0.04695,2.68093,2.68972,1.74871,0.0099208,0.0099208,0.0099208
6,66.5356,2.56477,2.01399,1.48149,0.29063,0.23758,0.17318,0.06021,2.49348,2.42854,1.59454,0.009901,0.009901,0.009901
7,77.2191,2.46073,1.79084,1.38245,0.47477,0.30804,0.29982,0.10813,2.39997,2.17424,1.5332,0.0098812,0.0098812,0.0098812
8,87.8967,2.29929,1.65945,1.32795,0.52471,0.40379,0.38157,0.14084,2.2773,1.74535,1.43375,0.0098614,0.0098614,0.0098614
9,98.7635,2.24025,1.5422,1.30231,0.53522,0.37449,0.37103,0.13807,2.2434,1.84422,1.41722,0.0098416,0.0098416,0.0098416
10,109.704,2.15859,1.4613,1.28407,0.60149,0.39814,0.42443,0.15945,2.24109,1.71062,1.39584,0.0098218,0.0098218,0.0098218
11,120.643,2.13115,1.37216,1.24298,0.61504,0.42096,0.43186,0.17371,2.14187,1.62919,1.34399,0.009802,0.009802,0.009802
12,131.342,2.06268,1.30713,1.21934,0.69931,0.52665,0.57873,0.2394,1.96889,1.34391,1.30614,0.0097822,0.0097822,0.0097822
13,141.989,2.02725,1.27175,1.22103,0.69249,0.53502,0.58985,0.24104,1.99387,1.34524,1.31224,0.0097624,0.0097624,0.0097624
14,152.809,2.01777,1.25628,1.21036,0.64181,0.42999,0.48862,0.19057,2.09501,1.72907,1.32524,0.0097426,0.0097426,0.0097426
15,163.699,1.97323,1.21279,1.21694,0.63642,0.49774,0.52342,0.20675,2.02865,1.65119,1.30985,0.0097228,0.0097228,0.0097228
16,174.46,1.93529,1.17181,1.17386,0.72572,0.61879,0.66218,0.28576,1.84879,1.11679,1.24859,0.009703,0.009703,0.009703
17,185.117,1.87082,1.13296,1.15882,0.67637,0.60981,0.64152,0.27756,1.89128,1.20058,1.25994,0.0096832,0.0096832,0.0096832
18,195.895,1.88081,1.1216,1.15849,0.73905,0.61145,0.66576,0.28173,1.84365,1.17104,1.23013,0.0096634,0.0096634,0.0096634
19,206.589,1.86623,1.11353,1.16146,0.7626,0.56911,0.63639,0.27034,1.85762,1.32221,1.22842,0.0096436,0.0096436,0.0096436
20,217.278,1.83712,1.08334,1.15149,0.69179,0.55917,0.58203,0.23894,1.93978,1.33885,1.26412,0.0096238,0.0096238,0.0096238
21,227.888,1.83297,1.07144,1.14699,0.81508,0.61337,0.70857,0.31847,1.76937,1.05747,1.20065,0.009604,0.009604,0.009604
22,238.725,1.79783,1.03449,1.12566,0.80567,0.61698,0.71913,0.32175,1.7397,1.03714,1.19919,0.0095842,0.0095842,0.0095842
23,249.702,1.76521,1.01882,1.12561,0.69048,0.55465,0.6033,0.25054,1.89361,1.39217,1.24675,0.0095644,0.0095644,0.0095644
24,260.436,1.76158,0.9903,1.11379,0.80169,0.68744,0.74585,0.32696,1.73461,1.04223,1.18391,0.0095446,0.0095446,0.0095446
25,271.332,1.75666,0.98944,1.11894,0.7923,0.5953,0.67762,0.30114,1.7769,1.13393,1.20637,0.0095248,0.0095248,0.0095248
26,282.262,1.73302,0.97612,1.09856,0.75893,0.62602,0.67402,0.29349,1.7889,1.11005,1.21644,0.009505,0.009505,0.009505
27,293.168,1.74022,0.96612,1.11097,0.79501,0.65492,0.72539,0.33021,1.73394,0.98691,1.17562,0.0094852,0.0094852,0.0094852
28,303.87,1.70893,0.97171,1.10442,0.67398,0.46612,0.50803,0.22781,1.87804,1.51069,1.27317,0.0094654,0.0094654,0.0094654
29,314.54,1.71314,0.95143,1.09022,0.81605,0.69738,0.75861,0.35159,1.69597,0.96867,1.17343,0.0094456,0.0094456,0.0094456
30,325.455,1.67972,0.92949,1.08592,0.76615,0.61558,0.67944,0.31574,1.72428,1.0934,1.20371,0.0094258,0.0094258,0.0094258
31,336.217,1.68801,0.92941,1.07815,0.78512,0.65583,0.73139,0.32843,1.74424,1.00172,1.19477,0.009406,0.009406,0.009406
32,347.029,1.65796,0.91056,1.07659,0.81811,0.71364,0.76467,0.3539,1.66306,0.9626,1.16697,0.0093862,0.0093862,0.0093862
33,357.708,1.63953,0.89244,1.07246,0.77162,0.70822,0.76121,0.36062,1.63215,0.93518,1.14746,0.0093664,0.0093664,0.0093664
34,368.576,1.64988,0.88475,1.0837,0.81884,0.66125,0.72184,0.32278,1.72694,1.00058,1.17163,0.0093466,0.0093466,0.0093466
35,379.551,1.63661,0.88024,1.08007,0.77348,0.63686,0.70245,0.315,1.71563,1.00595,1.16285,0.0093268,0.0093268,0.0093268
36,390.455,1.61716,0.87929,1.05597,0.78562,0.70099,0.74638,0.35144,1.68022,0.94968,1.16737,0.009307,0.009307,0.009307
37,401.365,1.63624,0.88756,1.07066,0.8282,0.68925,0.77337,0.35472,1.63837,0.91966,1.13862,0.0092872,0.0092872,0.0092872
38,412.045,1.61939,0.87239,1.05928,0.81275,0.70009,0.76862,0.3473,1.6678,0.88461,1.16536,0.0092674,0.0092674,0.0092674
39,422.864,1.61557,0.86562,1.0583,0.79092,0.63901,0.72464,0.31646,1.7338,1.007,1.18359,0.0092476,0.0092476,0.0092476
40,433.564,1.60774,0.86802,1.06677,0.81117,0.71996,0.78575,0.35575,1.67935,0.91827,1.15866,0.0092278,0.0092278,0.0092278
41,444.355,1.56765,0.84108,1.04805,0.76829,0.68383,0.72406,0.33863,1.68247,1.00598,1.17777,0.009208,0.009208,0.009208
42,455.281,1.58411,0.83446,1.04984,0.81018,0.72267,0.77085,0.36496,1.64507,0.90149,1.16114,0.0091882,0.0091882,0.0091882
43,466.211,1.57582,0.83233,1.06112,0.77737,0.66847,0.71974,0.3371,1.69377,0.97592,1.18736,0.0091684,0.0091684,0.0091684
44,477.068,1.54011,0.81376,1.0212,0.84843,0.71299,0.79495,0.37669,1.61981,0.93621,1.14254,0.0091486,0.0091486,0.0091486
45,488.044,1.56188,0.82332,1.04386,0.84508,0.68564,0.78024,0.36906,1.61016,0.91,1.13129,0.0091288,0.0091288,0.0091288
46,498.959,1.56057,0.82118,1.05213,0.83495,0.73573,0.81266,0.38664,1.59809,0.86059,1.12513,0.009109,0.009109,0.009109
47,509.857,1.5537,0.82047,1.03906,0.83477,0.75339,0.81352,0.3872,1.63927,0.8523,1.15781,0.0090892,0.0090892,0.0090892
48,520.831,1.53135,0.79993,1.02289,0.83351,0.6874,0.77662,0.36166,1.65063,0.91643,1.15607,0.0090694,0.0090694,0.0090694
49,531.759,1.55025,0.81237,1.04246,0.80527,0.66866,0.7439,0.34233,1.67368,0.99135,1.16591,0.0090496,0.0090496,0.0090496
50,542.492,1.52507,0.79908,1.03783,0.84048,0.71867,0.79336,0.38185,1.58951,0.8865,1.12894,0.0090298,0.0090298,0.0090298
51,553.106,1.53208,0.79118,1.02435,0.83747,0.72448,0.79918,0.37948,1.6406,0.88005,1.14187,0.00901,0.00901,0.00901
52,563.949,1.51462,0.77854,1.03352,0.83879,0.70033,0.77371,0.37078,1.60879,0.88541,1.1353,0.0089902,0.0089902,0.0089902
53,574.758,1.52869,0.79074,1.02787,0.8283,0.72809,0.79447,0.37883,1.61407,0.84863,1.13831,0.0089704,0.0089704,0.0089704
54,585.358,1.51371,0.78378,1.03018,0.79822,0.71635,0.7714,0.36324,1.64237,0.90546,1.15224,0.0089506,0.0089506,0.0089506
55,595.965,1.47441,0.76583,1.01881,0.82496,0.72802,0.79672,0.38111,1.61979,0.84959,1.13004,0.0089308,0.0089308,0.0089308
56,606.611,1.48542,0.75996,1.01759,0.84393,0.73757,0.80093,0.38424,1.58696,0.87982,1.13501,0.008911,0.008911,0.008911
57,617.237,1.48318,0.757,1.02068,0.81054,0.74202,0.79324,0.38971,1.55884,0.83256,1.1204,0.0088912,0.0088912,0.0088912
58,628.113,1.47611,0.75354,1.01338,0.82266,0.73333,0.79647,0.3806,1.63684,0.88771,1.151,0.0088714,0.0088714,0.0088714
59,638.788,1.49197,0.76018,1.01323,0.8243,0.75438,0.80815,0.38521,1.59225,0.83789,1.12032,0.0088516,0.0088516,0.0088516
60,649.404,1.47503,0.76504,1.01643,0.82808,0.73096,0.80052,0.38341,1.57515,0.81838,1.1197,0.0088318,0.0088318,0.0088318
61,660.283,1.48225,0.74888,1.02815,0.85862,0.74062,0.80749,0.39739,1.56882,0.79072,1.12629,0.008812,0.008812,0.008812
62,671.144,1.47948,0.73552,1.00472,0.78425,0.75523,0.79288,0.37484,1.60877,0.83652,1.13447,0.0087922,0.0087922,0.0087922
63,681.805,1.48665,0.75557,1.03183,0.84648,0.70728,0.80332,0.38961,1.58089,0.85733,1.12095,0.0087724,0.0087724,0.0087724
64,692.683,1.46006,0.75083,1.01657,0.82902,0.74462,0.80339,0.386,1.58086,0.83363,1.13484,0.0087526,0.0087526,0.0087526
65,703.527,1.44784,0.73301,1.00373,0.80744,0.74243,0.79575,0.39292,1.55685,0.83927,1.11912,0.0087328,0.0087328,0.0087328
66,714.422,1.45074,0.73714,1.00995,0.83684,0.74074,0.81254,0.38845,1.59993,0.84173,1.12122,0.008713,0.008713,0.008713
67,725.097,1.44145,0.7335,1.00897,0.80332,0.77055,0.81261,0.38834,1.57729,0.83951,1.13102,0.0086932,0.0086932,0.0086932
68,736.056,1.43684,0.72734,1.0124,0.84128,0.73532,0.81992,0.40339,1.58768,0.86632,1.12925,0.0086734,0.0086734,0.0086734
69,747.039,1.43012,0.73407,1.007,0.85597,0.74164,0.81914,0.40068,1.59405,0.8826,1.12662,0.0086536,0.0086536,0.0086536
70,757.674,1.44718,0.73583,1.00239,0.83923,0.73562,0.80767,0.38897,1.58422,0.85943,1.12743,0.0086338,0.0086338,0.0086338
71,768.308,1.42388,0.73116,1.00383,0.85431,0.74164,0.81874,0.39628,1.59643,0.79763,1.13163,0.008614,0.008614,0.008614
72,778.974,1.41955,0.7119,1.00011,0.83444,0.7558,0.81176,0.39706,1.59025,0.80844,1.11989,0.0085942,0.0085942,0.0085942
73,789.831,1.41838,0.7096,0.99399,0.85887,0.75313,0.82672,0.41636,1.51901,0.77359,1.09084,0.0085744,0.0085744,0.0085744
74,800.736,1.38666,0.69643,1.00058,0.85407,0.73488,0.81971,0.39902,1.556,0.78915,1.12359,0.0085546,0.0085546,0.0085546
75,811.659,1.41374,0.69755,0.99314,0.83393,0.76152,0.82341,0.40565,1.56659,0.77964,1.12515,0.0085348,0.0085348,0.0085348
76,822.34,1.39175,0.70127,0.99374,0.80923,0.71454,0.78232,0.37825,1.58223,0.88608,1.12379,0.008515,0.008515,0.008515
77,832.985,1.39622,0.70795,0.99319,0.83644,0.77613,0.82452,0.39952,1.58105,0.80921,1.12411,0.0084952,0.0084952,0.0084952
78,843.616,1.3845,0.69667,0.98261,0.86521,0.76603,0.82439,0.41183,1.53291,0.77504,1.10033,0.0084754,0.0084754,0.0084754
79,854.204,1.40152,0.69202,0.98438,0.80218,0.71093,0.75863,0.36659,1.62695,0.81908,1.13898,0.0084556,0.0084556,0.0084556
80,864.812,1.39253,0.69505,1.00487,0.8381,0.76874,0.82661,0.41613,1.52663,0.78754,1.09634,0.0084358,0.0084358,0.0084358
81,875.411,1.37553,0.68806,0.98518,0.86656,0.75339,0.83568,0.40797,1.55835,0.77324,1.12247,0.008416,0.008416,0.008416
82,885.988,1.35775,0.67223,0.98818,0.83892,0.77159,0.8344,0.41209,1.54358,0.78793,1.11822,0.0083962,0.0083962,0.0083962
83,896.546,1.3822,0.68844,0.98889,0.85103,0.757,0.82351,0.41153,1.55273,0.78249,1.12364,0.0083764,0.0083764,0.0083764
84,907.219,1.37087,0.68661,0.99927,0.83813,0.77236,0.82705,0.40439,1.55914,0.7792,1.12399,0.0083566,0.0083566,0.0083566
85,917.807,1.35491,0.67289,0.98362,0.85375,0.757,0.83702,0.41865,1.5218,0.75611,1.11751,0.0083368,0.0083368,0.0083368
86,928.662,1.36138,0.68175,0.98188,0.83297,0.77483,0.82819,0.41386,1.5316,0.7665,1.11335,0.008317,0.008317,0.008317
87,939.652,1.36353,0.67484,0.98134,0.83079,0.79042,0.83618,0.41199,1.53962,0.80004,1.11351,0.0082972,0.0082972,0.0082972
88,950.408,1.35963,0.67336,0.98499,0.84455,0.7841,0.83762,0.41999,1.51841,0.7555,1.10498,0.0082774,0.0082774,0.0082774
89,961.068,1.34499,0.68007,0.97635,0.819,0.7561,0.80662,0.40662,1.52565,0.77797,1.12424,0.0082576,0.0082576,0.0082576
90,971.695,1.35546,0.67931,0.98029,0.82805,0.77868,0.83462,0.41635,1.53074,0.77525,1.1291,0.0082378,0.0082378,0.0082378
91,982.551,1.33122,0.66423,0.96753,0.83189,0.77781,0.83769,0.42066,1.51178,0.77801,1.10377,0.008218,0.008218,0.008218
92,993.461,1.32112,0.64937,0.96852,0.8498,0.7561,0.82708,0.42159,1.51221,0.75527,1.10396,0.0081982,0.0081982,0.0081982
93,1004.42,1.33296,0.65975,0.96962,0.82593,0.77236,0.82869,0.41744,1.52584,0.75932,1.11598,0.0081784,0.0081784,0.0081784
94,1015.29,1.31954,0.66222,0.96506,0.85711,0.77487,0.83879,0.42199,1.50744,0.72301,1.10217,0.0081586,0.0081586,0.0081586
95,1026.25,1.33781,0.65839,0.97365,0.84262,0.75452,0.83191,0.41324,1.52565,0.77013,1.10452,0.0081388,0.0081388,0.0081388
96,1037.16,1.33789,0.65334,0.96702,0.82688,0.757,0.82419,0.40844,1.51593,0.74127,1.10319,0.008119,0.008119,0.008119
97,1047.75,1.32631,0.64881,0.97208,0.86325,0.75273,0.83739,0.41804,1.55071,0.77788,1.11777,0.0080992,0.0080992,0.0080992
98,1058.35,1.33792,0.65372,0.97155,0.86838,0.77478,0.85038,0.42729,1.51571,0.73658,1.11358,0.0080794,0.0080794,0.0080794
99,1069,1.34465,0.66626,0.9759,0.85199,0.74706,0.8311,0.41532,1.54385,0.76578,1.11794,0.0080596,0.0080596,0.0080596
100,1079.6,1.29842,0.6429,0.96537,0.84921,0.75294,0.8279,0.42014,1.54016,0.80083,1.11144,0.0080398,0.0080398,0.0080398
101,1090.19,1.32554,0.65663,0.96762,0.83591,0.76389,0.83962,0.42601,1.51337,0.75685,1.10276,0.00802,0.00802,0.00802
102,1100.96,1.29889,0.62733,0.9588,0.86478,0.75104,0.83452,0.42231,1.55079,0.75276,1.11698,0.0080002,0.0080002,0.0080002
103,1111.86,1.29857,0.63928,0.96179,0.84398,0.76233,0.8298,0.41875,1.53695,0.74682,1.1286,0.0079804,0.0079804,0.0079804
104,1122.78,1.31419,0.65309,0.95959,0.86759,0.75173,0.82093,0.41592,1.52147,0.73019,1.12124,0.0079606,0.0079606,0.0079606
105,1133.45,1.30185,0.64338,0.96362,0.86435,0.75429,0.83205,0.42447,1.51142,0.74709,1.10008,0.0079408,0.0079408,0.0079408
106,1144.06,1.29983,0.6396,0.96768,0.83239,0.77597,0.82729,0.42481,1.49712,0.77111,1.09834,0.007921,0.007921,0.007921
107,1154.8,1.30225,0.64352,0.95605,0.85529,0.75815,0.83408,0.41693,1.51704,0.74649,1.10572,0.0079012,0.0079012,0.0079012
108,1165.42,1.30656,0.64681,0.96001,0.81734,0.78822,0.83209,0.42184,1.54467,0.75931,1.11125,0.0078814,0.0078814,0.0078814
109,1176,1.29739,0.64063,0.95553,0.85736,0.74706,0.8285,0.41056,1.53975,0.77607,1.12454,0.0078616,0.0078616,0.0078616
110,1186.6,1.28641,0.63567,0.96653,0.84883,0.77868,0.84934,0.43272,1.51433,0.73049,1.12334,0.0078418,0.0078418,0.0078418
111,1197.42,1.28826,0.63448,0.95365,0.82763,0.79133,0.83578,0.42591,1.51759,0.73079,1.11569,0.007822,0.007822,0.007822
112,1208,1.26789,0.62583,0.95445,0.85618,0.74977,0.83127,0.42393,1.5038,0.73124,1.11017,0.0078022,0.0078022,0.0078022
113,1218.58,1.27467,0.62755,0.96271,0.84693,0.76603,0.83068,0.4206,1.53413,0.75161,1.11531,0.0077824,0.0077824,0.0077824
114,1229.14,1.28351,0.6236,0.96594,0.85926,0.75561,0.83157,0.42308,1.54281,0.7344,1.1044,0.0077626,0.0077626,0.0077626
115,1239.86,1.27253,0.62113,0.95997,0.83299,0.77326,0.83163,0.42784,1.48529,0.72085,1.09074,0.0077428,0.0077428,0.0077428
116,1250.55,1.2927,0.63545,0.9591,0.84854,0.77507,0.84508,0.43336,1.47776,0.74679,1.09262,0.007723,0.007723,0.007723
117,1261.17,1.27158,0.61889,0.9546,0.85262,0.76332,0.84115,0.43033,1.48677,0.72141,1.10398,0.0077032,0.0077032,0.0077032
118,1271.79,1.27173,0.61438,0.94012,0.82702,0.757,0.8211,0.40612,1.55162,0.78979,1.11584,0.0076834,0.0076834,0.0076834
119,1282.4,1.28642,0.62482,0.95846,0.8575,0.76332,0.84153,0.4324,1.49844,0.74464,1.10881,0.0076636,0.0076636,0.0076636
120,1293.04,1.25788,0.61457,0.95646,0.83068,0.77998,0.83614,0.4226,1.51466,0.75413,1.10611,0.0076438,0.0076438,0.0076438
121,1303.62,1.26921,0.61768,0.9423,0.85805,0.78084,0.84202,0.41969,1.51424,0.7634,1.10127,0.007624,0.007624,0.007624
122,1314.25,1.26083,0.61478,0.95321,0.85775,0.75158,0.82842,0.41528,1.53696,0.7479,1.11509,0.0076042,0.0076042,0.0076042
123,1325.16,1.25099,0.61095,0.95001,0.84836,0.76694,0.84103,0.41686,1.53283,0.72823,1.12114,0.0075844,0.0075844,0.0075844
124,1336.05,1.22308,0.60363,0.93833,0.85047,0.7308,0.81921,0.40928,1.53928,0.7886,1.1163,0.0075646,0.0075646,0.0075646
125,1347.03,1.24988,0.60843,0.94167,0.83739,0.78617,0.83944,0.42807,1.49339,0.69906,1.10472,0.0075448,0.0075448,0.0075448
126,1357.88,1.25823,0.60898,0.94608,0.86618,0.75248,0.84087,0.43255,1.48268,0.69848,1.0808,0.007525,0.007525,0.007525
127,1368.5,1.24018,0.60708,0.94848,0.84499,0.78049,0.83848,0.43547,1.48287,0.7617,1.08845,0.0075052,0.0075052,0.0075052
128,1379.12,1.25205,0.60343,0.94466,0.84734,0.76965,0.84047,0.42439,1.47301,0.7203,1.09402,0.0074854,0.0074854,0.0074854
129,1389.69,1.24596,0.61145,0.94672,0.84029,0.808,0.8508,0.44172,1.47469,0.69874,1.09731,0.0074656,0.0074656,0.0074656
130,1400.34,1.21203,0.58791,0.93345,0.84961,0.77507,0.84477,0.43894,1.49316,0.7292,1.10086,0.0074458,0.0074458,0.0074458
131,1410.96,1.24158,0.59801,0.94289,0.84648,0.77507,0.83628,0.4336,1.48759,0.72161,1.10225,0.007426,0.007426,0.007426
132,1421.56,1.24154,0.60384,0.94629,0.8305,0.80111,0.8486,0.44177,1.48013,0.70193,1.09566,0.0074062,0.0074062,0.0074062
133,1432.38,1.24428,0.60025,0.94527,0.87176,0.77416,0.84998,0.43643,1.48799,0.74343,1.09751,0.0073864,0.0073864,0.0073864
134,1443.27,1.20814,0.58897,0.93184,0.8607,0.77025,0.84759,0.43111,1.46763,0.7444,1.09313,0.0073666,0.0073666,0.0073666
135,1453.88,1.19286,0.59172,0.93877,0.84806,0.78591,0.85004,0.44007,1.46029,0.69917,1.09988,0.0073468,0.0073468,0.0073468
136,1464.51,1.21489,0.60084,0.93494,0.85128,0.79114,0.85709,0.44651,1.47983,0.69397,1.10263,0.007327,0.007327,0.007327
137,1475.19,1.21132,0.59492,0.93821,0.8511,0.78681,0.85261,0.4386,1.50319,0.71168,1.10714,0.0073072,0.0073072,0.0073072
138,1485.8,1.21338,0.59036,0.93398,0.85631,0.7841,0.84811,0.43964,1.48352,0.69998,1.10778,0.0072874,0.0072874,0.0072874
139,1496.39,1.18329,0.58544,0.93938,0.84934,0.77778,0.84939,0.44016,1.48922,0.706,1.0992,0.0072676,0.0072676,0.0072676
140,1507.03,1.20612,0.58678,0.94493,0.8757,0.78279,0.85675,0.44142,1.48498,0.69394,1.10647,0.0072478,0.0072478,0.0072478
141,1517.65,1.20666,0.58752,0.93666,0.85089,0.77778,0.84348,0.44126,1.46097,0.71318,1.09225,0.007228,0.007228,0.007228
142,1528.29,1.18828,0.57367,0.93841,0.84653,0.78681,0.84603,0.43894,1.48818,0.70773,1.10072,0.0072082,0.0072082,0.0072082
143,1538.94,1.19969,0.58664,0.93345,0.84345,0.79332,0.84246,0.44131,1.48326,0.70402,1.10007,0.0071884,0.0071884,0.0071884
144,1549.6,1.2167,0.5943,0.93186,0.85521,0.78952,0.84321,0.44458,1.46483,0.69808,1.09142,0.0071686,0.0071686,0.0071686
145,1560.18,1.19461,0.58464,0.9409,0.85273,0.77411,0.84415,0.43601,1.49465,0.70762,1.11023,0.0071488,0.0071488,0.0071488
146,1570.85,1.18455,0.57795,0.93256,0.84883,0.78771,0.84451,0.44094,1.46555,0.72729,1.10162,0.007129,0.007129,0.007129
147,1581.48,1.19241,0.58458,0.93153,0.83236,0.80397,0.85189,0.44172,1.45717,0.70492,1.08716,0.0071092,0.0071092,0.0071092
148,1592.13,1.19192,0.58277,0.93091,0.85799,0.78594,0.85908,0.44742,1.46905,0.72538,1.09576,0.0070894,0.0070894,0.0070894
149,1602.77,1.20957,0.5909,0.92817,0.84916,0.78771,0.84936,0.44406,1.48153,0.72045,1.10112,0.0070696,0.0070696,0.0070696
150,1613.37,1.16927,0.57366,0.92436,0.85462,0.76467,0.84145,0.43666,1.47337,0.72213,1.09814,0.0070498,0.0070498,0.0070498
151,1624.07,1.1837,0.57553,0.92078,0.83255,0.80036,0.84191,0.43329,1.47746,0.70762,1.11043,0.00703,0.00703,0.00703
152,1635,1.17287,0.56952,0.91826,0.85056,0.79223,0.84854,0.43619,1.47556,0.68809,1.0913,0.0070102,0.0070102,0.0070102
153,1645.94,1.16362,0.56615,0.93394,0.85939,0.7895,0.8586,0.44528,1.47468,0.69121,1.0943,0.0069904,0.0069904,0.0069904
154,1656.85,1.19049,0.57889,0.92644,0.83988,0.80668,0.85584,0.447,1.46542,0.70189,1.10412,0.0069706,0.0069706,0.0069706
155,1667.74,1.16946,0.56538,0.91917,0.84224,0.79093,0.83756,0.43763,1.47088,0.7083,1.10597,0.0069508,0.0069508,0.0069508
156,1678.71,1.15177,0.56248,0.92489,0.85369,0.81391,0.86442,0.45217,1.43566,0.69008,1.08713,0.006931,0.006931,0.006931
157,1689.59,1.17655,0.57093,0.92458,0.87891,0.785,0.86251,0.44633,1.4496,0.67614,1.09047,0.0069112,0.0069112,0.0069112
158,1700.23,1.15016,0.5599,0.93307,0.85258,0.78885,0.85641,0.45211,1.45389,0.72135,1.10934,0.0068914,0.0068914,0.0068914
159,1710.86,1.15342,0.56233,0.92674,0.86297,0.78507,0.85663,0.45176,1.45724,0.72045,1.09687,0.0068716,0.0068716,0.0068716
160,1721.52,1.16646,0.57337,0.92785,0.84493,0.79675,0.85194,0.44016,1.4608,0.6926,1.09077,0.0068518,0.0068518,0.0068518
161,1732.17,1.14463,0.55738,0.9185,0.86416,0.78229,0.85509,0.44883,1.44227,0.69185,1.08513,0.006832,0.006832,0.006832
162,1742.81,1.16875,0.57359,0.92175,0.867,0.7841,0.85698,0.44549,1.45644,0.67673,1.08758,0.0068122,0.0068122,0.0068122
163,1753.43,1.16487,0.57317,0.92006,0.84926,0.80578,0.8591,0.44573,1.47565,0.67744,1.1067,0.0067924,0.0067924,0.0067924
164,1764.32,1.14453,0.55793,0.91895,0.8474,0.78591,0.84904,0.43768,1.49135,0.70318,1.1051,0.0067726,0.0067726,0.0067726
165,1775.28,1.15441,0.55623,0.9204,0.8556,0.79313,0.85526,0.43542,1.4616,0.67471,1.09087,0.0067528,0.0067528,0.0067528
166,1785.94,1.14982,0.55243,0.91088,0.84272,0.8103,0.86269,0.44712,1.47146,0.68559,1.09996,0.006733,0.006733,0.006733
167,1796.65,1.15205,0.55398,0.92129,0.85892,0.77547,0.85566,0.4424,1.48407,0.69746,1.10049,0.0067132,0.0067132,0.0067132
168,1807.32,1.13129,0.5523,0.9184,0.86288,0.80036,0.85997,0.44613,1.47574,0.68758,1.09405,0.0066934,0.0066934,0.0066934
169,1817.97,1.14388,0.55835,0.9158,0.85024,0.8052,0.86603,0.45398,1.46444,0.68954,1.09835,0.0066736,0.0066736,0.0066736
170,1828.61,1.14702,0.5579,0.91691,0.83421,0.8,0.85771,0.45006,1.46694,0.68347,1.09967,0.0066538,0.0066538,0.0066538
171,1839.24,1.12861,0.5541,0.9099,0.82303,0.81481,0.8583,0.44263,1.4719,0.70105,1.09481,0.006634,0.006634,0.006634
172,1849.84,1.10158,0.5428,0.91441,0.84893,0.79313,0.85852,0.45275,1.46109,0.68793,1.09261,0.0066142,0.0066142,0.0066142
173,1860.63,1.1359,0.556,0.92126,0.84666,0.803,0.85994,0.45127,1.45865,0.67469,1.09098,0.0065944,0.0065944,0.0065944
174,1871.25,1.11803,0.54254,0.91589,0.83029,0.80849,0.8524,0.44585,1.47589,0.67146,1.10719,0.0065746,0.0065746,0.0065746
175,1881.86,1.14512,0.55083,0.91501,0.86116,0.77322,0.84654,0.44508,1.44356,0.67874,1.08611,0.0065548,0.0065548,0.0065548
176,1892.47,1.14002,0.55999,0.91518,0.86423,0.78775,0.86215,0.44911,1.46974,0.67271,1.09818,0.006535,0.006535,0.006535
177,1903.2,1.12086,0.5536,0.90724,0.85951,0.80488,0.86358,0.45089,1.45492,0.68961,1.09036,0.0065152,0.0065152,0.0065152
178,1913.79,1.09594,0.53519,0.90777,0.84544,0.8121,0.86524,0.45339,1.4541,0.68451,1.09068,0.0064954,0.0064954,0.0064954
179,1924.45,1.11285,0.5369,0.90748,0.86264,0.80488,0.86163,0.44972,1.46388,0.67814,1.09166,0.0064756,0.0064756,0.0064756
180,1935.08,1.11886,0.53689,0.91227,0.85193,0.79584,0.85871,0.45102,1.46326,0.67194,1.10584,0.0064558,0.0064558,0.0064558
181,1945.67,1.1041,0.53032,0.90589,0.86158,0.79844,0.8583,0.45008,1.4483,0.67452,1.09253,0.006436,0.006436,0.006436
182,1956.25,1.13002,0.5459,0.91041,0.86935,0.78138,0.85776,0.45269,1.45607,0.67569,1.0944,0.0064162,0.0064162,0.0064162
183,1966.87,1.11409,0.54934,0.90975,0.88515,0.7832,0.86844,0.45487,1.45015,0.69395,1.0886,0.0063964,0.0063964,0.0063964
184,1977.5,1.1115,0.54286,0.91138,0.88148,0.7832,0.86451,0.45445,1.46673,0.68875,1.08572,0.0063766,0.0063766,0.0063766
185,1988.11,1.11714,0.53895,0.91386,0.84592,0.80126,0.85694,0.45119,1.4799,0.69015,1.11186,0.0063568,0.0063568,0.0063568
186,1998.73,1.08678,0.53305,0.909,0.86051,0.81358,0.86451,0.45266,1.4588,0.67611,1.10201,0.006337,0.006337,0.006337
187,2009.35,1.10775,0.54243,0.91025,0.86251,0.78204,0.85927,0.45351,1.46717,0.66907,1.09898,0.0063172,0.0063172,0.0063172
188,2019.93,1.109,0.54302,0.90413,0.85003,0.79855,0.86223,0.45043,1.47754,0.66413,1.1127,0.0062974,0.0062974,0.0062974
189,2030.54,1.07759,0.53093,0.90012,0.83633,0.81301,0.86169,0.45033,1.46066,0.68196,1.10012,0.0062776,0.0062776,0.0062776
190,2041.14,1.11044,0.54001,0.91198,0.87995,0.79584,0.87201,0.46212,1.45073,0.67037,1.09802,0.0062578,0.0062578,0.0062578
191,2051.71,1.10768,0.5378,0.90461,0.86948,0.79436,0.86023,0.4477,1.4492,0.67981,1.08754,0.006238,0.006238,0.006238
192,2062.32,1.09061,0.53298,0.90857,0.86818,0.77941,0.86105,0.45258,1.47361,0.67424,1.09988,0.0062182,0.0062182,0.0062182
193,2072.96,1.09021,0.53524,0.90731,0.85988,0.77778,0.85633,0.44999,1.45642,0.676,1.09407,0.0061984,0.0061984,0.0061984
194,2083.61,1.09952,0.52836,0.90606,0.8859,0.77326,0.86315,0.45224,1.46266,0.68703,1.08955,0.0061786,0.0061786,0.0061786
195,2094.21,1.08685,0.52667,0.90352,0.8613,0.80219,0.86843,0.45606,1.47163,0.69683,1.0901,0.0061588,0.0061588,0.0061588
196,2104.84,1.06402,0.51293,0.90765,0.8771,0.78229,0.85831,0.45391,1.43909,0.65779,1.092,0.006139,0.006139,0.006139
197,2115.46,1.10295,0.53321,0.90311,0.86692,0.80028,0.86059,0.44383,1.44957,0.67983,1.10083,0.0061192,0.0061192,0.0061192
198,2126.07,1.092,0.53331,0.90784,0.85659,0.80939,0.86717,0.45219,1.45953,0.688,1.09337,0.0060994,0.0060994,0.0060994
199,2136.71,1.06864,0.52532,0.91237,0.83987,0.81495,0.86187,0.45339,1.45786,0.69353,1.08228,0.0060796,0.0060796,0.0060796
200,2147.3,1.08146,0.5238,0.90889,0.87233,0.77768,0.86129,0.44826,1.4708,0.66939,1.10657,0.0060598,0.0060598,0.0060598
201,2157.91,1.07375,0.51476,0.90003,0.84711,0.82085,0.87004,0.45334,1.47301,0.68663,1.09605,0.00604,0.00604,0.00604
202,2168.54,1.07533,0.52175,0.89857,0.86988,0.79313,0.86098,0.4552,1.46935,0.68834,1.09829,0.0060202,0.0060202,0.0060202
203,2179.13,1.05018,0.51063,0.89485,0.86381,0.79642,0.86782,0.44846,1.4677,0.67803,1.09776,0.0060004,0.0060004,0.0060004
204,2189.76,1.07751,0.51811,0.90293,0.846,0.80036,0.86777,0.45394,1.47312,0.68401,1.10599,0.0059806,0.0059806,0.0059806
205,2200.36,1.06424,0.51627,0.90239,0.85393,0.81327,0.87376,0.45621,1.46821,0.68901,1.099,0.0059608,0.0059608,0.0059608
206,2210.96,1.08287,0.5237,0.90225,0.85165,0.80939,0.86435,0.45832,1.46123,0.69733,1.09651,0.005941,0.005941,0.005941
207,2221.59,1.07354,0.51917,0.90076,0.86942,0.80036,0.86205,0.45219,1.46559,0.67194,1.10345,0.0059212,0.0059212,0.0059212
208,2232.23,1.06186,0.51084,0.89369,0.87302,0.78952,0.86619,0.45725,1.46639,0.67902,1.10533,0.0059014,0.0059014,0.0059014
209,2242.83,1.03872,0.50193,0.89769,0.86236,0.80668,0.86642,0.45957,1.44559,0.65546,1.09089,0.0058816,0.0058816,0.0058816
210,2253.46,1.04986,0.5057,0.89423,0.87589,0.79494,0.86562,0.45316,1.45482,0.66427,1.09699,0.0058618,0.0058618,0.0058618
211,2264.06,1.06032,0.51636,0.8925,0.87414,0.78422,0.86661,0.45571,1.44978,0.67083,1.0954,0.005842,0.005842,0.005842
212,2274.66,1.04189,0.50457,0.89367,0.87131,0.79946,0.87131,0.4589,1.46046,0.66646,1.09713,0.0058222,0.0058222,0.0058222
213,2285.26,1.03212,0.50102,0.89849,0.87085,0.80126,0.87209,0.46002,1.45105,0.67778,1.09476,0.0058024,0.0058024,0.0058024
214,2295.89,1.03092,0.50242,0.89238,0.86636,0.80227,0.86658,0.45424,1.44884,0.67265,1.09457,0.0057826,0.0057826,0.0057826
215,2306.51,1.04099,0.50127,0.89643,0.83863,0.82023,0.86249,0.45299,1.45563,0.68583,1.09353,0.0057628,0.0057628,0.0057628
216,2317.14,1.02071,0.50017,0.89728,0.8591,0.80307,0.86808,0.45828,1.46465,0.66702,1.11118,0.005743,0.005743,0.005743
217,2327.76,1.0413,0.49948,0.89125,0.84869,0.80939,0.86725,0.45456,1.46027,0.67966,1.10633,0.0057232,0.0057232,0.0057232
218,2338.36,1.0631,0.51165,0.89158,0.85687,0.80577,0.8655,0.45107,1.46358,0.68536,1.10428,0.0057034,0.0057034,0.0057034
219,2348.99,1.03716,0.50412,0.90134,0.87417,0.79494,0.86531,0.45373,1.4574,0.66949,1.09235,0.0056836,0.0056836,0.0056836
220,2359.65,1.04976,0.50886,0.89086,0.88577,0.79153,0.87605,0.4562,1.46659,0.66952,1.1032,0.0056638,0.0056638,0.0056638
221,2370.26,1.05801,0.51691,0.89509,0.8648,0.79494,0.86667,0.4545,1.47235,0.67519,1.11232,0.005644,0.005644,0.005644
222,2380.88,1.03883,0.50046,0.88978,0.84628,0.79574,0.86119,0.45343,1.46038,0.67065,1.11247,0.0056242,0.0056242,0.0056242
223,2391.49,1.04024,0.50922,0.89203,0.87628,0.7934,0.8685,0.46079,1.44977,0.67435,1.0933,0.0056044,0.0056044,0.0056044
224,2402.1,1.03312,0.50071,0.89357,0.88501,0.78681,0.86904,0.46194,1.45149,0.67157,1.09139,0.0055846,0.0055846,0.0055846
225,2412.71,1.00528,0.49435,0.88434,0.86291,0.81313,0.8716,0.45796,1.45626,0.68039,1.10687,0.0055648,0.0055648,0.0055648
226,2423.31,1.01355,0.49443,0.89538,0.85856,0.82254,0.87179,0.45636,1.46374,0.68903,1.11245,0.005545,0.005545,0.005545
227,2433.87,1.02343,0.4986,0.89142,0.86224,0.80397,0.86627,0.45524,1.45673,0.68061,1.09996,0.0055252,0.0055252,0.0055252
228,2444.44,1.01042,0.48861,0.88693,0.85327,0.80375,0.85887,0.45968,1.44213,0.66389,1.09925,0.0055054,0.0055054,0.0055054
229,2455.04,1.03395,0.5077,0.89257,0.86135,0.78681,0.85537,0.45931,1.44742,0.67078,1.09891,0.0054856,0.0054856,0.0054856
230,2465.62,1.01298,0.49361,0.8887,0.86854,0.80574,0.87056,0.46217,1.44969,0.67339,1.09582,0.0054658,0.0054658,0.0054658
231,2476.19,1.02634,0.50193,0.88419,0.87404,0.79042,0.86514,0.46019,1.46273,0.68737,1.1014,0.005446,0.005446,0.005446
232,2486.8,1.0283,0.509,0.89394,0.8828,0.79946,0.87477,0.46249,1.44636,0.676,1.10436,0.0054262,0.0054262,0.0054262
233,2497.42,1.01771,0.49345,0.88529,0.88114,0.79584,0.87305,0.46367,1.45413,0.65404,1.10055,0.0054064,0.0054064,0.0054064
234,2508.05,1.01657,0.49601,0.88747,0.86151,0.81479,0.87525,0.46215,1.45643,0.66421,1.10475,0.0053866,0.0053866,0.0053866
235,2518.66,0.98235,0.47989,0.88256,0.84174,0.82158,0.87301,0.46433,1.4545,0.68388,1.10562,0.0053668,0.0053668,0.0053668
236,2529.28,1.008,0.48979,0.88838,0.86827,0.80383,0.8651,0.46013,1.45201,0.69918,1.10132,0.005347,0.005347,0.005347
237,2539.87,0.99981,0.49139,0.88709,0.8629,0.8121,0.86759,0.46098,1.46925,0.66225,1.10728,0.0053272,0.0053272,0.0053272
238,2550.5,1.01198,0.49314,0.88628,0.85729,0.8103,0.86489,0.45205,1.47187,0.66018,1.1139,0.0053074,0.0053074,0.0053074
239,2561.08,0.99497,0.4908,0.89477,0.86419,0.80475,0.86422,0.45319,1.4604,0.67169,1.11614,0.0052876,0.0052876,0.0052876
240,2571.7,1.00922,0.4904,0.87643,0.86795,0.78681,0.86442,0.45336,1.46788,0.68114,1.1008,0.0052678,0.0052678,0.0052678
241,2582.35,1.01559,0.48888,0.88778,0.85948,0.79562,0.86186,0.45748,1.46103,0.65908,1.0971,0.005248,0.005248,0.005248
242,2592.96,0.98944,0.47977,0.87623,0.87617,0.79899,0.86335,0.45624,1.44552,0.66603,1.10027,0.0052282,0.0052282,0.0052282
243,2603.68,1.0001,0.48863,0.88406,0.85682,0.79467,0.85799,0.45825,1.43501,0.65302,1.09263,0.0052084,0.0052084,0.0052084
244,2614.28,0.99231,0.4863,0.8727,0.87958,0.80036,0.8709,0.45651,1.45835,0.67087,1.10027,0.0051886,0.0051886,0.0051886
245,2624.89,1.006,0.48438,0.88764,0.85171,0.82656,0.86709,0.45811,1.46064,0.68123,1.10265,0.0051688,0.0051688,0.0051688
246,2635.51,0.99456,0.48482,0.88237,0.87465,0.7841,0.8671,0.46239,1.45562,0.65795,1.10282,0.005149,0.005149,0.005149
247,2646.14,0.98008,0.4831,0.87806,0.85745,0.8103,0.86714,0.46033,1.45823,0.6557,1.10865,0.0051292,0.0051292,0.0051292
248,2656.84,0.98652,0.47799,0.88722,0.85389,0.8077,0.86456,0.45946,1.45281,0.65382,1.09885,0.0051094,0.0051094,0.0051094
249,2667.46,0.98881,0.48772,0.88119,0.86496,0.80939,0.86883,0.45866,1.4519,0.65465,1.10083,0.0050896,0.0050896,0.0050896
250,2678.11,0.97794,0.47462,0.87838,0.87723,0.80685,0.8743,0.4627,1.4516,0.66604,1.10096,0.0050698,0.0050698,0.0050698
251,2688.73,0.9859,0.48185,0.88212,0.86131,0.79946,0.87064,0.46116,1.4639,0.66765,1.1071,0.00505,0.00505,0.00505
252,2699.5,0.97176,0.47601,0.87632,0.89674,0.77687,0.86916,0.45937,1.45761,0.68801,1.10897,0.0050302,0.0050302,0.0050302
253,2710.24,0.98894,0.48376,0.87966,0.87846,0.78349,0.8672,0.46036,1.46173,0.67216,1.10914,0.0050104,0.0050104,0.0050104
254,2720.83,0.98634,0.47618,0.87835,0.86947,0.80939,0.8739,0.4614,1.45514,0.66157,1.10347,0.0049906,0.0049906,0.0049906
255,2731.45,0.96164,0.47263,0.87232,0.85315,0.80824,0.86994,0.45894,1.45409,0.67513,1.10455,0.0049708,0.0049708,0.0049708
256,2742.05,0.98183,0.48235,0.88164,0.89617,0.77778,0.87118,0.46027,1.45843,0.66412,1.1047,0.004951,0.004951,0.004951
257,2752.72,0.94186,0.46006,0.86865,0.87554,0.79946,0.87738,0.46597,1.45322,0.68513,1.10051,0.0049312,0.0049312,0.0049312
258,2763.34,0.96168,0.47099,0.87913,0.84361,0.81481,0.87192,0.4654,1.45297,0.70052,1.09696,0.0049114,0.0049114,0.0049114
259,2773.96,0.97071,0.472,0.88108,0.8613,0.80776,0.87379,0.46871,1.44762,0.67373,1.09682,0.0048916,0.0048916,0.0048916
260,2784.59,0.98534,0.47844,0.88024,0.87248,0.80578,0.87026,0.46494,1.4589,0.66218,1.09954,0.0048718,0.0048718,0.0048718
261,2795.24,0.97244,0.47796,0.88744,0.87155,0.8103,0.87196,0.46755,1.4532,0.65674,1.10221,0.004852,0.004852,0.004852
262,2805.87,0.96361,0.47991,0.87218,0.88215,0.79313,0.86727,0.4632,1.45094,0.65949,1.10428,0.0048322,0.0048322,0.0048322
263,2816.49,0.9642,0.46905,0.8748,0.88456,0.79042,0.87446,0.4641,1.44752,0.65146,1.1072,0.0048124,0.0048124,0.0048124
264,2827.11,0.96209,0.4704,0.87514,0.87951,0.80307,0.878,0.4658,1.46246,0.66613,1.10943,0.0047926,0.0047926,0.0047926
265,2837.72,0.94459,0.46755,0.86605,0.85973,0.81386,0.87503,0.46285,1.44951,0.67095,1.09737,0.0047728,0.0047728,0.0047728
266,2848.38,0.96368,0.47146,0.87256,0.89644,0.79223,0.87638,0.46078,1.4513,0.66733,1.09551,0.004753,0.004753,0.004753
267,2858.99,0.94993,0.46409,0.87437,0.88826,0.78988,0.87375,0.4623,1.45513,0.66266,1.10084,0.0047332,0.0047332,0.0047332
268,2869.61,0.95637,0.46543,0.86814,0.88885,0.78744,0.87647,0.46596,1.45537,0.67714,1.10568,0.0047134,0.0047134,0.0047134
269,2880.21,0.9249,0.45283,0.87027,0.87086,0.81021,0.87918,0.46992,1.447,0.66056,1.10536,0.0046936,0.0046936,0.0046936
270,2890.84,0.94469,0.46476,0.877,0.85206,0.81752,0.87116,0.46938,1.46137,0.67912,1.10477,0.0046738,0.0046738,0.0046738
271,2901.46,0.95356,0.46283,0.87453,0.9008,0.77924,0.87405,0.46317,1.46518,0.68935,1.11038,0.004654,0.004654,0.004654
272,2912.12,0.9502,0.46231,0.87482,0.86247,0.81301,0.87587,0.46189,1.47036,0.65228,1.11494,0.0046342,0.0046342,0.0046342
273,2922.7,0.95141,0.4658,0.87912,0.8877,0.80849,0.8792,0.46202,1.47103,0.65914,1.11067,0.0046144,0.0046144,0.0046144
274,2933.29,0.96732,0.46255,0.87721,0.86744,0.82166,0.87986,0.4633,1.45987,0.6504,1.1083,0.0045946,0.0045946,0.0045946
275,2943.96,0.93428,0.4577,0.87921,0.87873,0.8121,0.88108,0.46838,1.45585,0.63959,1.1083,0.0045748,0.0045748,0.0045748
276,2954.71,0.93792,0.45958,0.87621,0.86762,0.81662,0.88052,0.46968,1.44777,0.63479,1.10185,0.004555,0.004555,0.004555
277,2965.54,0.91469,0.45121,0.8703,0.85241,0.82746,0.87764,0.46656,1.45161,0.65121,1.09989,0.0045352,0.0045352,0.0045352
278,2976.35,0.93121,0.45828,0.86963,0.86146,0.82385,0.87675,0.46622,1.43626,0.62883,1.09826,0.0045154,0.0045154,0.0045154
279,2987.08,0.92247,0.45359,0.87141,0.86483,0.81391,0.8771,0.46739,1.44436,0.64227,1.10043,0.0044956,0.0044956,0.0044956
280,2997.75,0.90974,0.44826,0.8661,0.88443,0.79498,0.87838,0.46774,1.44494,0.64346,1.10491,0.0044758,0.0044758,0.0044758
281,3008.59,0.93209,0.4603,0.86319,0.8445,0.82475,0.87507,0.46374,1.44416,0.65125,1.10309,0.004456,0.004456,0.004456
282,3019.4,0.92448,0.45533,0.8762,0.86978,0.80036,0.87676,0.46732,1.44271,0.65758,1.10304,0.0044362,0.0044362,0.0044362
283,3030.05,0.94085,0.45714,0.86824,0.8647,0.81981,0.88225,0.46884,1.44324,0.65092,1.09741,0.0044164,0.0044164,0.0044164
284,3040.68,0.92824,0.45953,0.86975,0.85692,0.81696,0.87739,0.46537,1.44204,0.6721,1.09434,0.0043966,0.0043966,0.0043966
285,3051.31,0.9218,0.45401,0.86715,0.85123,0.82698,0.881,0.46319,1.45567,0.66062,1.10226,0.0043768,0.0043768,0.0043768
286,3061.93,0.93006,0.45616,0.87373,0.85645,0.82458,0.8775,0.46624,1.44477,0.66549,1.09758,0.004357,0.004357,0.004357
287,3072.58,0.92855,0.45555,0.87036,0.86323,0.82656,0.8779,0.47204,1.44009,0.65751,1.09381,0.0043372,0.0043372,0.0043372
288,3083.32,0.9131,0.44715,0.86059,0.8637,0.82427,0.88204,0.47183,1.43865,0.65091,1.09373,0.0043174,0.0043174,0.0043174
289,3094.05,0.91181,0.4497,0.8711,0.88245,0.80397,0.8777,0.46439,1.44818,0.65323,1.11244,0.0042976,0.0042976,0.0042976
290,3104.71,0.9302,0.45669,0.87172,0.86821,0.80668,0.87417,0.46442,1.45049,0.65227,1.11361,0.0042778,0.0042778,0.0042778
291,3115.32,0.93246,0.45951,0.86857,0.85763,0.81391,0.86884,0.46324,1.44875,0.6476,1.10766,0.004258,0.004258,0.004258
292,3125.96,0.90722,0.44286,0.86733,0.87022,0.81773,0.87666,0.46641,1.44791,0.64695,1.1094,0.0042382,0.0042382,0.0042382
293,3136.56,0.91498,0.45541,0.85931,0.87266,0.81716,0.87929,0.46623,1.45373,0.63815,1.11093,0.0042184,0.0042184,0.0042184
294,3147.21,0.90953,0.44276,0.86148,0.86543,0.81572,0.87874,0.46843,1.44926,0.63719,1.10836,0.0041986,0.0041986,0.0041986
295,3157.84,0.90957,0.44615,0.86117,0.86499,0.82023,0.87412,0.46857,1.44999,0.65917,1.10637,0.0041788,0.0041788,0.0041788
296,3168.38,0.91186,0.45054,0.87051,0.86923,0.82204,0.88021,0.46594,1.44395,0.6479,1.10836,0.004159,0.004159,0.004159
297,3178.98,0.92691,0.45757,0.86608,0.88317,0.80578,0.88077,0.47024,1.44461,0.63756,1.10923,0.0041392,0.0041392,0.0041392
298,3189.55,0.91353,0.44617,0.86318,0.85305,0.82854,0.87859,0.47085,1.44657,0.6446,1.11282,0.0041194,0.0041194,0.0041194
299,3200.12,0.90039,0.44025,0.8578,0.86687,0.83379,0.88164,0.4686,1.44499,0.65542,1.10956,0.0040996,0.0040996,0.0040996
300,3210.74,0.88568,0.43798,0.86281,0.86565,0.82648,0.88054,0.46845,1.44814,0.66098,1.10829,0.0040798,0.0040798,0.0040798
301,3221.39,0.89081,0.43705,0.8625,0.8632,0.82565,0.88067,0.46787,1.44497,0.64674,1.10551,0.00406,0.00406,0.00406
302,3232.03,0.90647,0.43703,0.86426,0.86208,0.82999,0.87825,0.46821,1.44614,0.65629,1.10633,0.0040402,0.0040402,0.0040402
303,3242.67,0.88656,0.44248,0.85731,0.86481,0.82023,0.87578,0.46693,1.43939,0.64392,1.10746,0.0040204,0.0040204,0.0040204
304,3253.27,0.87834,0.43749,0.85461,0.89055,0.79494,0.8756,0.46663,1.4476,0.6406,1.10878,0.0040006,0.0040006,0.0040006
305,3263.88,0.90206,0.43915,0.86519,0.86292,0.81843,0.87774,0.46948,1.44487,0.6421,1.10558,0.0039808,0.0039808,0.0039808
306,3274.47,0.8825,0.43253,0.85734,0.87262,0.81684,0.87816,0.47116,1.4322,0.63677,1.09994,0.003961,0.003961,0.003961
307,3285.08,0.88151,0.4368,0.85913,0.87422,0.81391,0.87497,0.47131,1.43624,0.63836,1.1054,0.0039412,0.0039412,0.0039412
308,3295.69,0.88864,0.43904,0.86414,0.87484,0.81662,0.87264,0.47164,1.44784,0.63421,1.114,0.0039214,0.0039214,0.0039214
309,3306.31,0.89591,0.44547,0.86557,0.86342,0.82237,0.87731,0.47167,1.44467,0.63637,1.11166,0.0039016,0.0039016,0.0039016
310,3316.94,0.89586,0.44071,0.85868,0.8876,0.80939,0.87596,0.47026,1.44441,0.64056,1.11102,0.0038818,0.0038818,0.0038818
311,3327.53,0.88491,0.43836,0.86014,0.87888,0.82114,0.87845,0.46952,1.4464,0.64583,1.10616,0.003862,0.003862,0.003862
312,3338.13,0.88726,0.43922,0.86162,0.88889,0.8112,0.8776,0.46598,1.44394,0.63811,1.10695,0.0038422,0.0038422,0.0038422
313,3348.76,0.89957,0.44478,0.86905,0.87721,0.80939,0.87441,0.46955,1.43885,0.62644,1.10677,0.0038224,0.0038224,0.0038224
314,3359.41,0.86997,0.43421,0.8635,0.87853,0.81016,0.87571,0.46884,1.43987,0.63197,1.10686,0.0038026,0.0038026,0.0038026
315,3370.06,0.87831,0.44037,0.85918,0.87999,0.8147,0.87762,0.4691,1.43327,0.62786,1.10686,0.0037828,0.0037828,0.0037828
316,3380.65,0.86474,0.43036,0.85941,0.88068,0.82008,0.88596,0.47327,1.43635,0.64709,1.10432,0.003763,0.003763,0.003763
317,3391.25,0.85845,0.42643,0.85905,0.8922,0.81491,0.88546,0.47196,1.43976,0.64548,1.1074,0.0037432,0.0037432,0.0037432
318,3401.86,0.87459,0.42909,0.86336,0.89849,0.81555,0.88297,0.47112,1.44156,0.64249,1.11134,0.0037234,0.0037234,0.0037234
319,3412.47,0.8786,0.43242,0.86182,0.89125,0.82475,0.8824,0.469,1.43799,0.64085,1.10917,0.0037036,0.0037036,0.0037036
320,3423.07,0.88262,0.43584,0.85774,0.87682,0.83379,0.88461,0.46909,1.43984,0.64353,1.11507,0.0036838,0.0036838,0.0036838
321,3433.66,0.87619,0.43243,0.85437,0.8934,0.8101,0.88364,0.47052,1.43722,0.64009,1.11327,0.003664,0.003664,0.003664
322,3444.24,0.87507,0.431,0.85397,0.89726,0.81481,0.88681,0.46961,1.44369,0.64662,1.11581,0.0036442,0.0036442,0.0036442
323,3454.85,0.86468,0.43212,0.86416,0.89337,0.81301,0.88717,0.47208,1.44326,0.63843,1.11563,0.0036244,0.0036244,0.0036244
324,3465.51,0.87439,0.42813,0.86133,0.88982,0.80247,0.88242,0.47132,1.44465,0.64592,1.11863,0.0036046,0.0036046,0.0036046
325,3476.39,0.85697,0.4187,0.85431,0.86575,0.82023,0.88134,0.46884,1.4509,0.65431,1.12095,0.0035848,0.0035848,0.0035848
326,3487.28,0.85221,0.42227,0.85507,0.87287,0.81572,0.88185,0.47012,1.44966,0.65063,1.11976,0.003565,0.003565,0.003565
327,3498.13,0.85415,0.42293,0.85526,0.89436,0.80578,0.87874,0.47028,1.45194,0.65344,1.11564,0.0035452,0.0035452,0.0035452
328,3508.72,0.86791,0.42385,0.86006,0.89496,0.80049,0.87978,0.4693,1.4598,0.66146,1.11924,0.0035254,0.0035254,0.0035254
329,3519.32,0.84852,0.42115,0.85261,0.87389,0.81843,0.88079,0.47222,1.46447,0.65092,1.12358,0.0035056,0.0035056,0.0035056
330,3529.96,0.85478,0.42023,0.85511,0.86438,0.82114,0.88153,0.47334,1.45565,0.64309,1.12036,0.0034858,0.0034858,0.0034858
331,3540.58,0.85572,0.42556,0.84825,0.87948,0.8121,0.88495,0.47252,1.44806,0.63951,1.11561,0.003466,0.003466,0.003466
332,3551.19,0.84805,0.42281,0.85875,0.89296,0.80635,0.88577,0.47043,1.44391,0.63541,1.11311,0.0034462,0.0034462,0.0034462
333,3561.81,0.84882,0.42609,0.85382,0.8899,0.79946,0.88148,0.47462,1.44229,0.63461,1.11438,0.0034264,0.0034264,0.0034264
334,3572.46,0.85103,0.42019,0.846,0.86506,0.81653,0.87786,0.47125,1.44671,0.63754,1.1178,0.0034066,0.0034066,0.0034066
335,3583.02,0.85444,0.42493,0.85632,0.87159,0.80932,0.87602,0.46829,1.44813,0.64311,1.11528,0.0033868,0.0033868,0.0033868
336,3593.61,0.85562,0.42265,0.853,0.87992,0.79946,0.87585,0.46668,1.45171,0.64461,1.11795,0.003367,0.003367,0.003367
337,3604.19,0.85337,0.419,0.85267,0.88707,0.80307,0.87897,0.47086,1.44458,0.64123,1.11567,0.0033472,0.0033472,0.0033472
338,3614.79,0.84196,0.41847,0.84789,0.88249,0.8141,0.88034,0.47195,1.44582,0.65127,1.11713,0.0033274,0.0033274,0.0033274
339,3625.4,0.84676,0.41963,0.8509,0.88377,0.81738,0.88164,0.47188,1.45433,0.67127,1.1186,0.0033076,0.0033076,0.0033076
340,3635.99,0.83384,0.41884,0.85329,0.86715,0.81959,0.87883,0.4701,1.4531,0.66164,1.12024,0.0032878,0.0032878,0.0032878
341,3646.61,0.83909,0.41464,0.85044,0.86538,0.81662,0.87911,0.4717,1.44731,0.65663,1.12006,0.003268,0.003268,0.003268
342,3657.24,0.81978,0.41099,0.85563,0.86398,0.8148,0.87757,0.47184,1.45067,0.6628,1.12305,0.0032482,0.0032482,0.0032482
343,3667.85,0.8476,0.42073,0.85825,0.87044,0.81391,0.87717,0.47114,1.4524,0.65207,1.12298,0.0032284,0.0032284,0.0032284
344,3678.46,0.83068,0.41358,0.8535,0.87757,0.80939,0.87987,0.47095,1.45316,0.65081,1.11875,0.0032086,0.0032086,0.0032086
345,3689.1,0.82009,0.40842,0.8461,0.87199,0.8121,0.87813,0.47324,1.45266,0.65853,1.11792,0.0031888,0.0031888,0.0031888
346,3699.71,0.84284,0.41901,0.85857,0.86705,0.81302,0.87958,0.47358,1.45197,0.65057,1.11787,0.003169,0.003169,0.003169
347,3710.33,0.8458,0.41693,0.85603,0.85597,0.82385,0.87776,0.47232,1.45755,0.65046,1.12691,0.0031492,0.0031492,0.0031492
348,3720.96,0.81177,0.40797,0.85049,0.85944,0.81481,0.87536,0.47142,1.45751,0.6492,1.12687,0.0031294,0.0031294,0.0031294
349,3731.58,0.83131,0.40792,0.84674,0.86642,0.80855,0.87793,0.47196,1.45341,0.64875,1.12573,0.0031096,0.0031096,0.0031096
350,3742.22,0.8355,0.41572,0.85292,0.88609,0.79406,0.87756,0.47227,1.4517,0.64314,1.12564,0.0030898,0.0030898,0.0030898
351,3752.84,0.81494,0.41056,0.85311,0.86765,0.81572,0.87733,0.47358,1.45196,0.64364,1.12898,0.00307,0.00307,0.00307
352,3763.47,0.83159,0.41116,0.85184,0.86028,0.81752,0.87571,0.47196,1.45288,0.65153,1.12761,0.0030502,0.0030502,0.0030502
353,3774.04,0.82352,0.41171,0.85382,0.86262,0.8121,0.87784,0.47633,1.44193,0.65175,1.12154,0.0030304,0.0030304,0.0030304
354,3784.65,0.81545,0.40727,0.85085,0.86406,0.80959,0.87957,0.47492,1.44103,0.64927,1.12106,0.0030106,0.0030106,0.0030106
355,3795.26,0.81802,0.40896,0.84805,0.87553,0.80064,0.88148,0.4761,1.44398,0.64588,1.1218,0.0029908,0.0029908,0.0029908
356,3805.88,0.81154,0.40474,0.84731,0.857,0.82286,0.88122,0.47566,1.44537,0.64407,1.12106,0.002971,0.002971,0.002971
357,3816.47,0.81166,0.40588,0.84971,0.86855,0.81774,0.88281,0.47474,1.43805,0.64467,1.11526,0.0029512,0.0029512,0.0029512
358,3827.07,0.80846,0.40392,0.85309,0.86561,0.81457,0.87963,0.4749,1.4358,0.64098,1.11723,0.0029314,0.0029314,0.0029314
359,3837.67,0.81176,0.40581,0.84997,0.86201,0.82204,0.88032,0.47548,1.43418,0.6384,1.12094,0.0029116,0.0029116,0.0029116
360,3848.29,0.8175,0.40816,0.84918,0.87321,0.8103,0.88063,0.47444,1.43264,0.64119,1.11789,0.0028918,0.0028918,0.0028918
361,3858.91,0.79625,0.4001,0.84253,0.87538,0.80849,0.88083,0.47237,1.43015,0.63359,1.11265,0.002872,0.002872,0.002872
362,3869.51,0.81113,0.40451,0.85201,0.88858,0.80307,0.88146,0.47268,1.43205,0.63126,1.11456,0.0028522,0.0028522,0.0028522
363,3880.11,0.80825,0.40709,0.85155,0.85141,0.8282,0.87988,0.4719,1.43447,0.63449,1.11669,0.0028324,0.0028324,0.0028324
364,3890.72,0.80091,0.39842,0.843,0.85875,0.82927,0.88087,0.47477,1.43288,0.63191,1.11506,0.0028126,0.0028126,0.0028126
365,3901.31,0.80376,0.40185,0.84896,0.90339,0.78558,0.88361,0.47491,1.43085,0.63045,1.11247,0.0027928,0.0027928,0.0027928
366,3911.91,0.79005,0.39902,0.83838,0.84592,0.83017,0.88355,0.47552,1.43028,0.63474,1.11185,0.002773,0.002773,0.002773
367,3922.52,0.80391,0.39912,0.84876,0.86216,0.82492,0.88309,0.47448,1.43378,0.63369,1.1151,0.0027532,0.0027532,0.0027532
368,3933.16,0.80896,0.40689,0.84963,0.86134,0.82294,0.88149,0.47239,1.43723,0.63971,1.11311,0.0027334,0.0027334,0.0027334
369,3943.75,0.80406,0.40404,0.85286,0.86474,0.81481,0.87953,0.47223,1.43768,0.64337,1.11521,0.0027136,0.0027136,0.0027136
370,3954.34,0.7924,0.39681,0.842,0.86148,0.82021,0.88105,0.47407,1.43522,0.64312,1.11542,0.0026938,0.0026938,0.0026938
371,3964.96,0.79477,0.40104,0.84191,0.86828,0.82023,0.88138,0.47257,1.4324,0.63921,1.11296,0.002674,0.002674,0.002674
372,3975.59,0.78663,0.39329,0.84644,0.87093,0.81752,0.88169,0.4746,1.43445,0.64448,1.11449,0.0026542,0.0026542,0.0026542
373,3986.19,0.79491,0.39565,0.84794,0.87238,0.8213,0.88435,0.47522,1.43403,0.64528,1.11673,0.0026344,0.0026344,0.0026344
374,3996.82,0.80271,0.40285,0.85185,0.86661,0.81572,0.87584,0.47142,1.43843,0.64782,1.11574,0.0026146,0.0026146,0.0026146
375,4007.43,0.77964,0.39388,0.84097,0.87739,0.81448,0.88071,0.47259,1.43926,0.64487,1.11304,0.0025948,0.0025948,0.0025948
376,4018.03,0.8047,0.40282,0.84487,0.86949,0.83054,0.88458,0.47342,1.44271,0.63524,1.11441,0.002575,0.002575,0.002575
377,4028.62,0.78197,0.39758,0.84687,0.87873,0.81821,0.88407,0.47253,1.44653,0.63467,1.11788,0.0025552,0.0025552,0.0025552
378,4039.22,0.77101,0.38736,0.84798,0.87097,0.82656,0.88486,0.47399,1.44317,0.64265,1.11891,0.0025354,0.0025354,0.0025354
379,4049.83,0.77709,0.39347,0.84627,0.86165,0.82927,0.88177,0.47362,1.44394,0.64082,1.11838,0.0025156,0.0025156,0.0025156
380,4060.48,0.78091,0.39331,0.84517,0.85913,0.83017,0.88075,0.47425,1.44406,0.63748,1.11804,0.0024958,0.0024958,0.0024958
381,4071.07,0.79101,0.39958,0.84343,0.87712,0.81301,0.88191,0.47515,1.44799,0.62831,1.12099,0.002476,0.002476,0.002476
382,4081.66,0.8069,0.40133,0.84124,0.88039,0.8103,0.88193,0.477,1.44768,0.62736,1.12038,0.0024562,0.0024562,0.0024562
383,4092.29,0.77875,0.39227,0.83979,0.87856,0.80759,0.88157,0.47706,1.44462,0.63294,1.11965,0.0024364,0.0024364,0.0024364
384,4102.94,0.79015,0.39656,0.84253,0.89486,0.79962,0.88382,0.47637,1.44286,0.6324,1.1166,0.0024166,0.0024166,0.0024166
385,4113.56,0.78558,0.3954,0.84085,0.89763,0.8,0.88262,0.47472,1.44116,0.63757,1.11586,0.0023968,0.0023968,0.0023968
386,4124.16,0.77068,0.38901,0.84435,0.87292,0.81286,0.88119,0.47344,1.44219,0.6415,1.11627,0.002377,0.002377,0.002377
387,4134.97,0.76136,0.38854,0.83515,0.87103,0.81572,0.88126,0.47247,1.443,0.64875,1.11332,0.0023572,0.0023572,0.0023572
388,4145.59,0.77182,0.38711,0.84398,0.87618,0.8121,0.88376,0.47402,1.44229,0.64949,1.11342,0.0023374,0.0023374,0.0023374
389,4156.2,0.76796,0.38748,0.84156,0.8733,0.81564,0.88605,0.47397,1.44147,0.6395,1.11056,0.0023176,0.0023176,0.0023176
390,4166.81,0.77187,0.39437,0.83884,0.87094,0.81752,0.88413,0.47358,1.44254,0.64056,1.10933,0.0022978,0.0022978,0.0022978
391,4177.4,0.75587,0.38576,0.8378,0.86271,0.81572,0.88249,0.47401,1.44144,0.64286,1.10885,0.002278,0.002278,0.002278
392,4187.99,0.77668,0.39063,0.83904,0.86211,0.81893,0.8842,0.4753,1.44356,0.64072,1.11083,0.0022582,0.0022582,0.0022582
393,4198.57,0.77077,0.38379,0.84152,0.87042,0.8112,0.88347,0.47272,1.44472,0.63842,1.112,0.0022384,0.0022384,0.0022384
394,4209.18,0.76266,0.38599,0.83601,0.87623,0.8103,0.88252,0.47377,1.44563,0.6395,1.11375,0.0022186,0.0022186,0.0022186
395,4219.71,0.76025,0.38313,0.8444,0.88476,0.80452,0.88455,0.47587,1.44844,0.63964,1.11513,0.0021988,0.0021988,0.0021988
396,4230.31,0.76115,0.38153,0.83783,0.88826,0.80036,0.88327,0.47531,1.45117,0.64117,1.11951,0.002179,0.002179,0.002179
397,4240.88,0.75542,0.38583,0.83975,0.88948,0.79976,0.88345,0.47478,1.44821,0.63859,1.11907,0.0021592,0.0021592,0.0021592
398,4251.55,0.76339,0.38397,0.83705,0.88605,0.80217,0.8836,0.4753,1.44555,0.64184,1.11921,0.0021394,0.0021394,0.0021394
399,4262.17,0.76534,0.38256,0.84073,0.8881,0.79675,0.88267,0.47754,1.44445,0.64454,1.12027,0.0021196,0.0021196,0.0021196
400,4272.79,0.74337,0.37668,0.83497,0.88575,0.79855,0.88442,0.47839,1.44129,0.64432,1.12093,0.0020998,0.0020998,0.0020998
401,4283.55,0.764,0.38658,0.84083,0.85901,0.8256,0.88232,0.48033,1.43776,0.64412,1.12119,0.00208,0.00208,0.00208
402,4294.31,0.74506,0.37631,0.84136,0.86159,0.82099,0.88247,0.48009,1.4351,0.64126,1.12149,0.0020602,0.0020602,0.0020602
403,4304.91,0.74902,0.38004,0.84002,0.85844,0.82656,0.8831,0.48085,1.43333,0.64066,1.12078,0.0020404,0.0020404,0.0020404
404,4315.52,0.76979,0.38614,0.83377,0.90186,0.79694,0.88689,0.48025,1.43081,0.64107,1.12005,0.0020206,0.0020206,0.0020206
405,4326.12,0.75119,0.3809,0.83566,0.88113,0.80939,0.88552,0.47838,1.4295,0.63612,1.11998,0.0020008,0.0020008,0.0020008
406,4336.76,0.75861,0.3857,0.84047,0.86899,0.80668,0.88087,0.47918,1.43204,0.63263,1.12221,0.001981,0.001981,0.001981
407,4347.58,0.74764,0.38023,0.83828,0.87378,0.8121,0.88222,0.47865,1.43525,0.62994,1.12274,0.0019612,0.0019612,0.0019612
408,4358.18,0.7488,0.37701,0.83528,0.87322,0.80882,0.882,0.47888,1.43527,0.62799,1.12423,0.0019414,0.0019414,0.0019414
409,4368.79,0.74179,0.37887,0.84046,0.86583,0.81572,0.87939,0.4782,1.43696,0.62677,1.12314,0.0019216,0.0019216,0.0019216
410,4379.42,0.75606,0.37777,0.84193,0.87183,0.81112,0.88075,0.47902,1.4384,0.62861,1.12604,0.0019018,0.0019018,0.0019018
411,4390.02,0.73922,0.37607,0.83419,0.867,0.81481,0.87986,0.47789,1.44203,0.62355,1.12708,0.001882,0.001882,0.001882
412,4400.86,0.74689,0.37683,0.83262,0.87367,0.8112,0.88228,0.47972,1.44575,0.62467,1.12853,0.0018622,0.0018622,0.0018622
413,4411.73,0.741,0.37199,0.83745,0.89048,0.80055,0.88432,0.47962,1.44581,0.62762,1.12765,0.0018424,0.0018424,0.0018424
414,4422.34,0.74647,0.38032,0.83488,0.88226,0.80488,0.88244,0.47862,1.44462,0.62785,1.12769,0.0018226,0.0018226,0.0018226
415,4432.89,0.73659,0.37689,0.8336,0.88567,0.80475,0.88275,0.47833,1.44509,0.62915,1.12785,0.0018028,0.0018028,0.0018028
416,4443.5,0.75264,0.37888,0.83802,0.8825,0.80488,0.88075,0.47773,1.44248,0.62691,1.12295,0.001783,0.001783,0.001783
417,4454.14,0.7352,0.36953,0.84255,0.87654,0.8145,0.88453,0.47831,1.44224,0.62546,1.12199,0.0017632,0.0017632,0.0017632
418,4464.79,0.74302,0.37596,0.83688,0.87683,0.82023,0.88503,0.47842,1.44307,0.624,1.125,0.0017434,0.0017434,0.0017434
419,4475.4,0.74102,0.3756,0.83328,0.88028,0.81843,0.88579,0.47817,1.44375,0.62632,1.12545,0.0017236,0.0017236,0.0017236
420,4486.02,0.71967,0.371,0.83397,0.87661,0.8215,0.88592,0.47783,1.44467,0.62837,1.12519,0.0017038,0.0017038,0.0017038
421,4496.64,0.73268,0.37266,0.83699,0.88115,0.81704,0.8855,0.47826,1.44547,0.62974,1.12756,0.001684,0.001684,0.001684
422,4507.4,0.73829,0.37548,0.83729,0.87985,0.81572,0.88391,0.47754,1.44673,0.62944,1.12908,0.0016642,0.0016642,0.0016642
423,4518.03,0.73852,0.37602,0.83912,0.87117,0.82466,0.88426,0.47717,1.44839,0.63273,1.12879,0.0016444,0.0016444,0.0016444
424,4528.63,0.71999,0.36846,0.83357,0.86769,0.82836,0.88613,0.4784,1.44986,0.63166,1.12763,0.0016246,0.0016246,0.0016246
425,4539.24,0.7214,0.36786,0.83574,0.8764,0.81344,0.88469,0.47872,1.44969,0.63105,1.12661,0.0016048,0.0016048,0.0016048
426,4549.84,0.7263,0.37222,0.83356,0.89051,0.8008,0.88536,0.47954,1.44943,0.6333,1.12703,0.001585,0.001585,0.001585
427,4560.48,0.70207,0.36238,0.83639,0.86363,0.82114,0.88629,0.47979,1.44863,0.63329,1.12788,0.0015652,0.0015652,0.0015652
428,4570.99,0.7219,0.36702,0.83368,0.88494,0.80591,0.88501,0.4786,1.44881,0.63165,1.12682,0.0015454,0.0015454,0.0015454
429,4581.62,0.72442,0.37001,0.83696,0.89355,0.79855,0.88605,0.47847,1.44962,0.63462,1.12659,0.0015256,0.0015256,0.0015256
430,4592.24,0.70277,0.36655,0.82919,0.89539,0.79639,0.8858,0.47758,1.44892,0.63769,1.12612,0.0015058,0.0015058,0.0015058
431,4602.82,0.73354,0.37456,0.83317,0.88113,0.81021,0.88413,0.4778,1.44906,0.6409,1.1282,0.001486,0.001486,0.001486
432,4613.45,0.71272,0.36594,0.82833,0.88432,0.80397,0.88389,0.47802,1.44982,0.64307,1.12882,0.0014662,0.0014662,0.0014662
433,4624.09,0.71201,0.36774,0.83482,0.87262,0.81301,0.88325,0.47766,1.45162,0.64445,1.12894,0.0014464,0.0014464,0.0014464
434,4634.68,0.71683,0.36935,0.83292,0.87271,0.8103,0.88313,0.47873,1.44993,0.64654,1.12885,0.0014266,0.0014266,0.0014266
435,4645.29,0.72287,0.37094,0.83814,0.87734,0.81413,0.88433,0.47817,1.4476,0.64732,1.1266,0.0014068,0.0014068,0.0014068
436,4655.89,0.7345,0.37851,0.83256,0.87765,0.8121,0.88311,0.47763,1.44786,0.64692,1.12609,0.001387,0.001387,0.001387
437,4666.51,0.72747,0.36455,0.83293,0.87643,0.8112,0.8832,0.4771,1.44874,0.64562,1.12692,0.0013672,0.0013672,0.0013672
438,4677.14,0.71453,0.36509,0.83183,0.8758,0.8121,0.88308,0.47696,1.44912,0.64616,1.12805,0.0013474,0.0013474,0.0013474
439,4687.77,0.71133,0.36094,0.83512,0.88309,0.8103,0.88426,0.47732,1.44735,0.64658,1.12645,0.0013276,0.0013276,0.0013276
440,4698.44,0.70882,0.36288,0.83215,0.88271,0.80905,0.8821,0.47713,1.44694,0.64529,1.12755,0.0013078,0.0013078,0.0013078
441,4709.09,0.71563,0.36594,0.83251,0.87762,0.80974,0.8827,0.47717,1.4467,0.64614,1.12949,0.001288,0.001288,0.001288
442,4719.69,0.68675,0.35445,0.81939,0.88212,0.81117,0.88433,0.47705,1.44655,0.64798,1.12973,0.0012682,0.0012682,0.0012682
443,4730.32,0.70261,0.35923,0.8307,0.88273,0.80915,0.88331,0.47878,1.44556,0.64731,1.13012,0.0012484,0.0012484,0.0012484
444,4740.91,0.70183,0.36457,0.82939,0.88046,0.80668,0.88287,0.47846,1.44526,0.64729,1.13014,0.0012286,0.0012286,0.0012286
445,4751.5,0.69097,0.35799,0.83246,0.87562,0.81404,0.88259,0.47704,1.44496,0.648,1.12951,0.0012088,0.0012088,0.0012088
446,4762.08,0.69146,0.35328,0.83282,0.88085,0.81472,0.88468,0.47782,1.44594,0.64887,1.12962,0.001189,0.001189,0.001189
447,4772.7,0.69138,0.35574,0.82442,0.87875,0.81662,0.885,0.47831,1.44575,0.64915,1.12981,0.0011692,0.0011692,0.0011692
448,4783.27,0.70601,0.36272,0.82937,0.89717,0.80307,0.88757,0.47741,1.44601,0.65103,1.13099,0.0011494,0.0011494,0.0011494
449,4793.87,0.7041,0.36077,0.83129,0.89684,0.80108,0.88654,0.47787,1.44605,0.65206,1.12952,0.0011296,0.0011296,0.0011296
450,4804.49,0.70264,0.35435,0.83112,0.89475,0.79869,0.88638,0.47672,1.44622,0.64992,1.12997,0.0011098,0.0011098,0.0011098
451,4815.09,0.6939,0.35857,0.8284,0.8938,0.79946,0.88628,0.47741,1.44596,0.64812,1.1297,0.00109,0.00109,0.00109
452,4825.69,0.69449,0.35493,0.83003,0.89148,0.80126,0.88628,0.47753,1.44677,0.6458,1.12921,0.0010702,0.0010702,0.0010702
453,4836.32,0.69009,0.35312,0.8308,0.89384,0.80397,0.88672,0.47687,1.44667,0.6456,1.12792,0.0010504,0.0010504,0.0010504
454,4846.93,0.69315,0.35848,0.83139,0.89723,0.80217,0.88671,0.47794,1.44556,0.6448,1.12811,0.0010306,0.0010306,0.0010306
455,4857.66,0.68202,0.35879,0.82712,0.89557,0.79797,0.88556,0.47693,1.44455,0.64471,1.12823,0.0010108,0.0010108,0.0010108
456,4868.28,0.69823,0.35383,0.8269,0.89154,0.80217,0.88597,0.47725,1.444,0.644,1.12949,0.000991,0.000991,0.000991
457,4879.03,0.68218,0.35176,0.82605,0.88702,0.80488,0.88665,0.47902,1.44286,0.64135,1.12903,0.0009712,0.0009712,0.0009712
458,4889.94,0.68043,0.35445,0.82799,0.88665,0.80488,0.88597,0.4792,1.44332,0.63918,1.12935,0.0009514,0.0009514,0.0009514
459,4900.59,0.68431,0.35435,0.8307,0.8858,0.80578,0.8853,0.47887,1.44359,0.63918,1.13005,0.0009316,0.0009316,0.0009316
460,4911.21,0.68755,0.35234,0.82051,0.88545,0.80578,0.88675,0.47904,1.44361,0.63981,1.13051,0.0009118,0.0009118,0.0009118
461,4921.82,0.68571,0.35394,0.83399,0.88481,0.80492,0.88815,0.47908,1.44266,0.64069,1.13049,0.000892,0.000892,0.000892
462,4932.45,0.67779,0.34894,0.82563,0.88494,0.80488,0.88847,0.48003,1.44211,0.64137,1.13032,0.0008722,0.0008722,0.0008722
463,4943.05,0.67409,0.35326,0.83226,0.88972,0.80307,0.88818,0.48004,1.44225,0.64062,1.13068,0.0008524,0.0008524,0.0008524
464,4953.65,0.6959,0.35637,0.82928,0.89694,0.79765,0.88858,0.47982,1.44203,0.64237,1.1285,0.0008326,0.0008326,0.0008326
465,4964.25,0.68458,0.35224,0.82653,0.89816,0.79584,0.88881,0.48051,1.4425,0.64421,1.12859,0.0008128,0.0008128,0.0008128
466,4974.9,0.68844,0.35586,0.82526,0.89737,0.79777,0.88775,0.48075,1.44296,0.64296,1.12942,0.000793,0.000793,0.000793
467,4985.55,0.67165,0.3488,0.82585,0.89535,0.79855,0.88688,0.47991,1.44297,0.64232,1.13037,0.0007732,0.0007732,0.0007732
468,4996.19,0.67715,0.34735,0.82408,0.89918,0.7976,0.88764,0.47943,1.44435,0.6407,1.132,0.0007534,0.0007534,0.0007534
469,5007.05,0.67779,0.34878,0.82144,0.90065,0.79437,0.88773,0.47923,1.44486,0.64003,1.13291,0.0007336,0.0007336,0.0007336
470,5017.89,0.69263,0.3554,0.82654,0.9007,0.79482,0.88722,0.47957,1.44516,0.63918,1.13403,0.0007138,0.0007138,0.0007138
471,5028.51,0.65748,0.34421,0.82354,0.90136,0.79245,0.88722,0.47972,1.44555,0.63891,1.13438,0.000694,0.000694,0.000694
472,5039.17,0.67193,0.34739,0.82374,0.89797,0.79503,0.88687,0.47921,1.44547,0.63814,1.13416,0.0006742,0.0006742,0.0006742
473,5049.96,0.67218,0.34871,0.82575,0.88973,0.80036,0.88698,0.47824,1.4454,0.63782,1.13465,0.0006544,0.0006544,0.0006544
474,5060.56,0.68032,0.34966,0.82127,0.89067,0.80219,0.88701,0.47803,1.44526,0.6379,1.13534,0.0006346,0.0006346,0.0006346
475,5071.19,0.6626,0.34389,0.82364,0.89239,0.80397,0.88757,0.47848,1.44621,0.63822,1.13727,0.0006148,0.0006148,0.0006148
476,5081.82,0.67046,0.34698,0.8209,0.89734,0.79752,0.88613,0.47931,1.44623,0.63891,1.13746,0.000595,0.000595,0.000595
477,5092.43,0.64928,0.34253,0.82025,0.90079,0.79562,0.88679,0.4795,1.44585,0.6387,1.1381,0.0005752,0.0005752,0.0005752
478,5103.07,0.65855,0.33905,0.82637,0.90158,0.79439,0.88667,0.47953,1.4456,0.63854,1.13825,0.0005554,0.0005554,0.0005554
479,5113.66,0.66927,0.34806,0.82457,0.90272,0.79494,0.88705,0.47953,1.44562,0.63925,1.13756,0.0005356,0.0005356,0.0005356
480,5124.25,0.66674,0.34719,0.83201,0.90369,0.79404,0.88585,0.47934,1.44667,0.63969,1.13877,0.0005158,0.0005158,0.0005158
481,5134.85,0.6561,0.34191,0.82305,0.9044,0.79404,0.88577,0.47974,1.44743,0.63951,1.13944,0.000496,0.000496,0.000496
482,5145.45,0.65444,0.34089,0.82455,0.90358,0.79579,0.88572,0.47964,1.44767,0.63976,1.13956,0.0004762,0.0004762,0.0004762
483,5156.04,0.66606,0.34967,0.82433,0.90302,0.79313,0.88525,0.4798,1.447,0.64009,1.13882,0.0004564,0.0004564,0.0004564
484,5166.62,0.65881,0.34468,0.8254,0.90241,0.79352,0.88499,0.47914,1.44666,0.64034,1.13885,0.0004366,0.0004366,0.0004366
485,5177.39,0.67414,0.34677,0.82473,0.89647,0.79855,0.88534,0.47937,1.44643,0.64079,1.13872,0.0004168,0.0004168,0.0004168
486,5188.03,0.65776,0.34383,0.82157,0.89419,0.80036,0.88549,0.47956,1.44648,0.64143,1.13885,0.000397,0.000397,0.000397
487,5198.64,0.65712,0.34651,0.82779,0.89548,0.80217,0.88595,0.47918,1.44632,0.64146,1.13904,0.0003772,0.0003772,0.0003772
488,5209.25,0.66155,0.34274,0.8242,0.89307,0.80217,0.8856,0.47906,1.44687,0.64058,1.13978,0.0003574,0.0003574,0.0003574
489,5219.86,0.6518,0.33923,0.81812,0.89675,0.79946,0.88551,0.47985,1.44604,0.64163,1.13913,0.0003376,0.0003376,0.0003376
490,5230.47,0.66493,0.34303,0.82756,0.89596,0.79946,0.88567,0.47958,1.44603,0.64184,1.13948,0.0003178,0.0003178,0.0003178
491,5242.39,0.67618,0.34595,0.82706,0.8902,0.80561,0.88555,0.47863,1.44633,0.6412,1.14014,0.000298,0.000298,0.000298
492,5253.02,0.66272,0.33878,0.82448,0.89303,0.80939,0.88492,0.47853,1.44678,0.63999,1.1407,0.0002782,0.0002782,0.0002782
493,5263.6,0.63429,0.32784,0.81794,0.89567,0.80654,0.88422,0.4783,1.44719,0.64022,1.14113,0.0002584,0.0002584,0.0002584
494,5274.2,0.63307,0.3277,0.82144,0.89593,0.80101,0.88199,0.47796,1.44753,0.64109,1.14158,0.0002386,0.0002386,0.0002386
495,5284.76,0.63185,0.32854,0.81565,0.89445,0.80375,0.88257,0.47746,1.44753,0.64172,1.14141,0.0002188,0.0002188,0.0002188
496,5295.32,0.62383,0.32418,0.82208,0.89018,0.80397,0.87996,0.4771,1.44705,0.64218,1.14149,0.000199,0.000199,0.000199
497,5305.9,0.62366,0.32464,0.81874,0.89082,0.80339,0.87921,0.47732,1.44641,0.64266,1.14175,0.0001792,0.0001792,0.0001792
498,5316.48,0.63373,0.32726,0.81796,0.89114,0.80307,0.87995,0.47695,1.44637,0.64337,1.14202,0.0001594,0.0001594,0.0001594
499,5327.04,0.61288,0.32182,0.81683,0.89489,0.79855,0.87984,0.47681,1.44631,0.64437,1.14204,0.0001396,0.0001396,0.0001396
500,5337.61,0.63128,0.32636,0.81654,0.89708,0.79855,0.88001,0.47624,1.44576,0.6453,1.14204,0.0001198,0.0001198,0.0001198
